{
    "n_items": {
        "x": 14.0,
        "y": 18.0,
        "z": 1.0
    },
    "deltas": {
        "x": 42.86338806152344,
        "y": 163.38424682617188,
        "z": 2436.225341796875
    },
    "lines": [
        [
            [
                0.0,
                0.0,
                0.0
            ],
            [
                599.0874194701282,
                0.0,
                0.0
            ]
        ],
        [
            [
                0.0,
                0.0,
                0.0
            ],
            [
                0.0,
                2939.916442402815,
                0.0
            ]
        ],
        [
            [
                599.0874194701282,
                0.0,
                0.0
            ],
            [
                599.0874194701282,
                2939.916442402815,
                0.0
            ]
        ],
        [
            [
                0.0,
                2939.916442402815,
                0.0
            ],
            [
                599.0874194701282,
                2939.916442402815,
                0.0
            ]
        ],
        [
            [
                0.0,
                0.0,
                2435.225000023842
            ],
            [
                599.0874194701282,
                0.0,
                2435.225000023842
            ]
        ],
        [
            [
                0.0,
                0.0,
                2435.225000023842
            ],
            [
                0.0,
                2939.916442402815,
                2435.225000023842
            ]
        ],
        [
            [
                599.0874194701282,
                0.0,
                2435.225000023842
            ],
            [
                599.0874194701282,
                2939.916442402815,
                2435.225000023842
            ]
        ],
        [
            [
                0.0,
                2939.916442402815,
                2435.225000023842
            ],
            [
                599.0874194701282,
                2939.916442402815,
                2435.225000023842
            ]
        ],
        [
            [
                0.0,
                0.0,
                0.0
            ],
            [
                0.0,
                0.0,
                2435.225000023842
            ]
        ],
        [
            [
                599.0874194701282,
                0.0,
                0.0
            ],
            [
                599.0874194701282,
                0.0,
                2435.225000023842
            ]
        ],
        [
            [
                0.0,
                2939.916442402815,
                0.0
            ],
            [
                0.0,
                2939.916442402815,
                2435.225000023842
            ]
        ],
        [
            [
                599.0874194701282,
                2939.916442402815,
                0.0
            ],
            [
                599.0874194701282,
                2939.916442402815,
                2435.225000023842
            ]
        ]
    ]
}