{
    "n_items": {
        "x": 9.0,
        "y": 4.0,
        "z": 13.0
    },
    "deltas": {
        "z": 4.302003860473633,
        "y": 102.59999084472656,
        "x": 61.291648864746094
    },
    "lines": [
        [
            [
                0.0,
                0.0,
                0.0
            ],
            [
                0.0,
                0.0,
                37.718030862510204
            ]
        ],
        [
            [
                0.0,
                0.0,
                0.0
            ],
            [
                0.0,
                409.39997100830084,
                0.0
            ]
        ],
        [
            [
                0.0,
                0.0,
                37.718030862510204
            ],
            [
                0.0,
                409.39997100830084,
                37.718030862510204
            ]
        ],
        [
            [
                0.0,
                409.39997100830084,
                0.0
            ],
            [
                0.0,
                409.39997100830084,
                37.718030862510204
            ]
        ],
        [
            [
                -795.7949161529541,
                0.0,
                0.0
            ],
            [
                -795.7949161529541,
                0.0,
                37.718030862510204
            ]
        ],
        [
            [
                -795.7949161529541,
                0.0,
                0.0
            ],
            [
                -795.7949161529541,
                409.39997100830084,
                0.0
            ]
        ],
        [
            [
                -795.7949161529541,
                0.0,
                37.718030862510204
            ],
            [
                -795.7949161529541,
                409.39997100830084,
                37.718030862510204
            ]
        ],
        [
            [
                -795.7949161529541,
                409.39997100830084,
                0.0
            ],
            [
                -795.7949161529541,
                409.39997100830084,
                37.718030862510204
            ]
        ],
        [
            [
                0.0,
                0.0,
                0.0
            ],
            [
                -795.7949161529541,
                0.0,
                0.0
            ]
        ],
        [
            [
                0.0,
                0.0,
                37.718030862510204
            ],
            [
                -795.7949161529541,
                0.0,
                37.718030862510204
            ]
        ],
        [
            [
                0.0,
                409.39997100830084,
                0.0
            ],
            [
                -795.7949161529541,
                409.39997100830084,
                0.0
            ]
        ],
        [
            [
                0.0,
                409.39997100830084,
                37.718030862510204
            ],
            [
                -795.7949161529541,
                409.39997100830084,
                37.718030862510204
            ]
        ]
    ]
}